"variable_name","model_0","model_1","model_2","model_3","model_4","model_5","model_6","model_7","model_8","model_9","model_10","model_11","model_12","model_13","model_14","model_15","model_16","model_17","model_18","model_19","model_20","model_21","model_22","model_23","model_24","model_25","model_26","model_27","model_28","model_29","model_30","model_31","model_32","model_33","model_34","model_35","model_36","model_37","model_38","model_39","model_40","model_41","model_42","model_43","model_44","model_45"
"posts_on_facebook","posts_on_facebook","posts_on_facebook",,,,,,,"posts_on_facebook","posts_on_facebook",,,"posts_on_facebook","posts_on_facebook","posts_on_facebook","posts_on_facebook","posts_on_facebook","posts_on_facebook","posts_on_facebook","posts_on_facebook","posts_on_facebook","posts_on_facebook","posts_on_facebook","posts_on_facebook","posts_on_facebook","posts_on_facebook","posts_on_facebook","posts_on_facebook","posts_on_facebook","posts_on_facebook","posts_on_facebook","posts_on_facebook","posts_on_facebook","posts_on_facebook","posts_on_facebook","posts_on_facebook","posts_on_facebook","posts_on_facebook","posts_on_facebook","posts_on_facebook","posts_on_facebook","posts_on_facebook",,,"posts_on_facebook","posts_on_facebook"
"changed_post_picture","changed_post_picture",,"changed_post_picture",,,,,,"changed_post_picture","changed_post_picture",,,"changed_post_picture","changed_post_picture","changed_post_picture","changed_post_picture","changed_post_picture","changed_post_picture","changed_post_picture","changed_post_picture","changed_post_picture","changed_post_picture","changed_post_picture","changed_post_picture","changed_post_picture","changed_post_picture",,"changed_post_picture","changed_post_picture","changed_post_picture","changed_post_picture","changed_post_picture","changed_post_picture","changed_post_picture","changed_post_picture","changed_post_picture","changed_post_picture","changed_post_picture","changed_post_picture","changed_post_picture","changed_post_picture","changed_post_picture",,,"changed_post_picture","changed_post_picture"
"changed_post_text","changed_post_text",,"changed_post_text",,,,,,"changed_post_text","changed_post_text",,,"changed_post_text","changed_post_text","changed_post_text","changed_post_text","changed_post_text","changed_post_text","changed_post_text","changed_post_text","changed_post_text","changed_post_text","changed_post_text","changed_post_text","changed_post_text","changed_post_text",,"changed_post_text","changed_post_text","changed_post_text","changed_post_text","changed_post_text","changed_post_text","changed_post_text","changed_post_text","changed_post_text","changed_post_text","changed_post_text","changed_post_text","changed_post_text","changed_post_text","changed_post_text",,,"changed_post_text","changed_post_text"
"posts_disliked","posts_disliked",,,"posts_disliked",,,,,"posts_disliked","posts_disliked",,,"posts_disliked","posts_disliked","posts_disliked","posts_disliked","posts_disliked","posts_disliked","posts_disliked","posts_disliked","posts_disliked","posts_disliked","posts_disliked","posts_disliked","posts_disliked","posts_disliked",,"posts_disliked","posts_disliked","posts_disliked","posts_disliked","posts_disliked","posts_disliked","posts_disliked","posts_disliked","posts_disliked","posts_disliked","posts_disliked","posts_disliked","posts_disliked","posts_disliked","posts_disliked",,,"posts_disliked","posts_disliked"
"posts_liked","posts_liked",,,,"posts_liked",,,,"posts_liked","posts_liked",,,"posts_liked","posts_liked","posts_liked","posts_liked","posts_liked","posts_liked","posts_liked","posts_liked","posts_liked","posts_liked","posts_liked","posts_liked","posts_liked","posts_liked",,"posts_liked","posts_liked","posts_liked","posts_liked","posts_liked","posts_liked","posts_liked","posts_liked","posts_liked","posts_liked","posts_liked","posts_liked","posts_liked","posts_liked","posts_liked",,,"posts_liked","posts_liked"
"posts_seen","posts_seen",,,,,"posts_seen",,,"posts_seen","posts_seen",,,"posts_seen","posts_seen","posts_seen","posts_seen","posts_seen","posts_seen","posts_seen","posts_seen","posts_seen","posts_seen","posts_seen","posts_seen","posts_seen","posts_seen",,"posts_seen","posts_seen","posts_seen","posts_seen","posts_seen","posts_seen","posts_seen","posts_seen","posts_seen","posts_seen","posts_seen","posts_seen","posts_seen","posts_seen","posts_seen",,,"posts_seen","posts_seen"
"flyer_posts_on_facebook","flyer_posts_on_facebook",,,,,,"flyer_posts_on_facebook",,"flyer_posts_on_facebook","flyer_posts_on_facebook",,,"flyer_posts_on_facebook","flyer_posts_on_facebook","flyer_posts_on_facebook","flyer_posts_on_facebook","flyer_posts_on_facebook","flyer_posts_on_facebook","flyer_posts_on_facebook","flyer_posts_on_facebook","flyer_posts_on_facebook","flyer_posts_on_facebook","flyer_posts_on_facebook","flyer_posts_on_facebook","flyer_posts_on_facebook","flyer_posts_on_facebook","flyer_posts_on_facebook","flyer_posts_on_facebook","flyer_posts_on_facebook","flyer_posts_on_facebook","flyer_posts_on_facebook","flyer_posts_on_facebook","flyer_posts_on_facebook","flyer_posts_on_facebook","flyer_posts_on_facebook","flyer_posts_on_facebook","flyer_posts_on_facebook","flyer_posts_on_facebook","flyer_posts_on_facebook","flyer_posts_on_facebook","flyer_posts_on_facebook","flyer_posts_on_facebook",,,"flyer_posts_on_facebook","flyer_posts_on_facebook"
"preview_page_views_facebook","preview_page_views_facebook",,,,,,,"preview_page_views_facebook","preview_page_views_facebook","preview_page_views_facebook",,,"preview_page_views_facebook","preview_page_views_facebook","preview_page_views_facebook","preview_page_views_facebook","preview_page_views_facebook","preview_page_views_facebook","preview_page_views_facebook","preview_page_views_facebook","preview_page_views_facebook","preview_page_views_facebook","preview_page_views_facebook","preview_page_views_facebook","preview_page_views_facebook","preview_page_views_facebook",,"preview_page_views_facebook","preview_page_views_facebook","preview_page_views_facebook","preview_page_views_facebook","preview_page_views_facebook","preview_page_views_facebook","preview_page_views_facebook","preview_page_views_facebook","preview_page_views_facebook","preview_page_views_facebook","preview_page_views_facebook","preview_page_views_facebook","preview_page_views_facebook","preview_page_views_facebook","preview_page_views_facebook",,,"preview_page_views_facebook","preview_page_views_facebook"
"preview_page_views_email","preview_page_views_email","preview_page_views_email","preview_page_views_email","preview_page_views_email","preview_page_views_email","preview_page_views_email","preview_page_views_email","preview_page_views_email","preview_page_views_email","preview_page_views_email","preview_page_views_email","preview_page_views_email","preview_page_views_email","preview_page_views_email","preview_page_views_email","preview_page_views_email","preview_page_views_email","preview_page_views_email","preview_page_views_email","preview_page_views_email","preview_page_views_email","preview_page_views_email","preview_page_views_email","preview_page_views_email","preview_page_views_email",,,"preview_page_views_email","preview_page_views_email","preview_page_views_email","preview_page_views_email","preview_page_views_email","preview_page_views_email","preview_page_views_email","preview_page_views_email","preview_page_views_email","preview_page_views_email","preview_page_views_email","preview_page_views_email","preview_page_views_email","preview_page_views_email","preview_page_views_email","preview_page_views_email","preview_page_views_email","preview_page_views_email","preview_page_views_email"
"preview_page_views_twitter","preview_page_views_twitter","preview_page_views_twitter","preview_page_views_twitter","preview_page_views_twitter","preview_page_views_twitter","preview_page_views_twitter","preview_page_views_twitter","preview_page_views_twitter","preview_page_views_twitter","preview_page_views_twitter","preview_page_views_twitter","preview_page_views_twitter","preview_page_views_twitter","preview_page_views_twitter","preview_page_views_twitter","preview_page_views_twitter","preview_page_views_twitter","preview_page_views_twitter","preview_page_views_twitter","preview_page_views_twitter","preview_page_views_twitter","preview_page_views_twitter","preview_page_views_twitter","preview_page_views_twitter","preview_page_views_twitter","preview_page_views_twitter",,"preview_page_views_twitter","preview_page_views_twitter","preview_page_views_twitter","preview_page_views_twitter","preview_page_views_twitter","preview_page_views_twitter","preview_page_views_twitter","preview_page_views_twitter","preview_page_views_twitter","preview_page_views_twitter","preview_page_views_twitter","preview_page_views_twitter","preview_page_views_twitter","preview_page_views_twitter","preview_page_views_twitter","preview_page_views_twitter","preview_page_views_twitter","preview_page_views_twitter","preview_page_views_twitter"
"number_of_requests_for_new_text_fragment","number_of_requests_for_new_text_fragment",,,,,,,,"number_of_requests_for_new_text_fragment","number_of_requests_for_new_text_fragment","number_of_requests_for_new_text_fragment",,"number_of_requests_for_new_text_fragment","number_of_requests_for_new_text_fragment","number_of_requests_for_new_text_fragment","number_of_requests_for_new_text_fragment","number_of_requests_for_new_text_fragment","number_of_requests_for_new_text_fragment","number_of_requests_for_new_text_fragment","number_of_requests_for_new_text_fragment","number_of_requests_for_new_text_fragment","number_of_requests_for_new_text_fragment","number_of_requests_for_new_text_fragment","number_of_requests_for_new_text_fragment","number_of_requests_for_new_text_fragment","number_of_requests_for_new_text_fragment",,"number_of_requests_for_new_text_fragment","number_of_requests_for_new_text_fragment","number_of_requests_for_new_text_fragment","number_of_requests_for_new_text_fragment","number_of_requests_for_new_text_fragment","number_of_requests_for_new_text_fragment","number_of_requests_for_new_text_fragment","number_of_requests_for_new_text_fragment","number_of_requests_for_new_text_fragment","number_of_requests_for_new_text_fragment","number_of_requests_for_new_text_fragment","number_of_requests_for_new_text_fragment","number_of_requests_for_new_text_fragment","number_of_requests_for_new_text_fragment","number_of_requests_for_new_text_fragment",,,"number_of_requests_for_new_text_fragment","number_of_requests_for_new_text_fragment"
"text_fragment_suggestion_applied","text_fragment_suggestion_applied",,,,,,,,"text_fragment_suggestion_applied","text_fragment_suggestion_applied",,"text_fragment_suggestion_applied","text_fragment_suggestion_applied","text_fragment_suggestion_applied","text_fragment_suggestion_applied","text_fragment_suggestion_applied","text_fragment_suggestion_applied","text_fragment_suggestion_applied","text_fragment_suggestion_applied","text_fragment_suggestion_applied","text_fragment_suggestion_applied","text_fragment_suggestion_applied","text_fragment_suggestion_applied","text_fragment_suggestion_applied","text_fragment_suggestion_applied","text_fragment_suggestion_applied",,"text_fragment_suggestion_applied","text_fragment_suggestion_applied","text_fragment_suggestion_applied","text_fragment_suggestion_applied","text_fragment_suggestion_applied","text_fragment_suggestion_applied","text_fragment_suggestion_applied","text_fragment_suggestion_applied","text_fragment_suggestion_applied","text_fragment_suggestion_applied","text_fragment_suggestion_applied","text_fragment_suggestion_applied","text_fragment_suggestion_applied","text_fragment_suggestion_applied","text_fragment_suggestion_applied",,,"text_fragment_suggestion_applied","text_fragment_suggestion_applied"
"private_parties_submissions","private_parties_submissions","private_parties_submissions","private_parties_submissions","private_parties_submissions","private_parties_submissions","private_parties_submissions","private_parties_submissions","private_parties_submissions","private_parties_submissions","private_parties_submissions","private_parties_submissions","private_parties_submissions","private_parties_submissions","private_parties_submissions","private_parties_submissions","private_parties_submissions","private_parties_submissions","private_parties_submissions","private_parties_submissions","private_parties_submissions","private_parties_submissions","private_parties_submissions","private_parties_submissions","private_parties_submissions","private_parties_submissions","private_parties_submissions",,"private_parties_submissions","private_parties_submissions",,"private_parties_submissions","private_parties_submissions","private_parties_submissions","private_parties_submissions","private_parties_submissions","private_parties_submissions","private_parties_submissions","private_parties_submissions",,"private_parties_submissions","private_parties_submissions","private_parties_submissions","private_parties_submissions","private_parties_submissions","private_parties_submissions","private_parties_submissions"
"consumer_job_listing_inquiries","consumer_job_listing_inquiries","consumer_job_listing_inquiries","consumer_job_listing_inquiries","consumer_job_listing_inquiries","consumer_job_listing_inquiries","consumer_job_listing_inquiries","consumer_job_listing_inquiries","consumer_job_listing_inquiries","consumer_job_listing_inquiries","consumer_job_listing_inquiries","consumer_job_listing_inquiries","consumer_job_listing_inquiries","consumer_job_listing_inquiries","consumer_job_listing_inquiries","consumer_job_listing_inquiries","consumer_job_listing_inquiries","consumer_job_listing_inquiries","consumer_job_listing_inquiries","consumer_job_listing_inquiries","consumer_job_listing_inquiries","consumer_job_listing_inquiries","consumer_job_listing_inquiries","consumer_job_listing_inquiries","consumer_job_listing_inquiries","consumer_job_listing_inquiries","consumer_job_listing_inquiries",,"consumer_job_listing_inquiries","consumer_job_listing_inquiries",,"consumer_job_listing_inquiries","consumer_job_listing_inquiries","consumer_job_listing_inquiries","consumer_job_listing_inquiries","consumer_job_listing_inquiries","consumer_job_listing_inquiries","consumer_job_listing_inquiries","consumer_job_listing_inquiries","consumer_job_listing_inquiries",,"consumer_job_listing_inquiries","consumer_job_listing_inquiries","consumer_job_listing_inquiries","consumer_job_listing_inquiries","consumer_job_listing_inquiries","consumer_job_listing_inquiries"
"catering_submissions","catering_submissions","catering_submissions","catering_submissions","catering_submissions","catering_submissions","catering_submissions","catering_submissions","catering_submissions","catering_submissions","catering_submissions","catering_submissions","catering_submissions","catering_submissions","catering_submissions","catering_submissions","catering_submissions","catering_submissions","catering_submissions","catering_submissions","catering_submissions","catering_submissions","catering_submissions","catering_submissions","catering_submissions","catering_submissions","catering_submissions",,"catering_submissions","catering_submissions",,"catering_submissions","catering_submissions","catering_submissions","catering_submissions","catering_submissions","catering_submissions","catering_submissions",,"catering_submissions","catering_submissions","catering_submissions","catering_submissions","catering_submissions","catering_submissions","catering_submissions","catering_submissions"
"online_orders","online_orders","online_orders","online_orders","online_orders","online_orders","online_orders","online_orders","online_orders","online_orders","online_orders","online_orders","online_orders","online_orders","online_orders","online_orders","online_orders","online_orders","online_orders","online_orders","online_orders","online_orders","online_orders","online_orders","online_orders","online_orders","online_orders",,"online_orders","online_orders",,"online_orders","online_orders","online_orders","online_orders","online_orders","online_orders","online_orders","online_orders","online_orders","online_orders",,"online_orders","online_orders","online_orders","online_orders","online_orders"
"reservations_submissions","reservations_submissions","reservations_submissions","reservations_submissions","reservations_submissions","reservations_submissions","reservations_submissions","reservations_submissions","reservations_submissions","reservations_submissions","reservations_submissions","reservations_submissions","reservations_submissions","reservations_submissions","reservations_submissions","reservations_submissions","reservations_submissions","reservations_submissions","reservations_submissions","reservations_submissions","reservations_submissions","reservations_submissions","reservations_submissions","reservations_submissions","reservations_submissions","reservations_submissions","reservations_submissions",,"reservations_submissions","reservations_submissions",,"reservations_submissions","reservations_submissions","reservations_submissions","reservations_submissions","reservations_submissions","reservations_submissions",,"reservations_submissions","reservations_submissions","reservations_submissions","reservations_submissions","reservations_submissions","reservations_submissions","reservations_submissions","reservations_submissions","reservations_submissions"
"qr_code_menu_scans","qr_code_menu_scans","qr_code_menu_scans","qr_code_menu_scans","qr_code_menu_scans","qr_code_menu_scans","qr_code_menu_scans","qr_code_menu_scans","qr_code_menu_scans","qr_code_menu_scans","qr_code_menu_scans","qr_code_menu_scans","qr_code_menu_scans","qr_code_menu_scans","qr_code_menu_scans","qr_code_menu_scans","qr_code_menu_scans","qr_code_menu_scans","qr_code_menu_scans",,"qr_code_menu_scans","qr_code_menu_scans","qr_code_menu_scans","qr_code_menu_scans","qr_code_menu_scans","qr_code_menu_scans","qr_code_menu_scans",,"qr_code_menu_scans","qr_code_menu_scans","qr_code_menu_scans","qr_code_menu_scans","qr_code_menu_scans","qr_code_menu_scans",,"qr_code_menu_scans",,"qr_code_menu_scans","qr_code_menu_scans","qr_code_menu_scans","qr_code_menu_scans","qr_code_menu_scans","qr_code_menu_scans","qr_code_menu_scans","qr_code_menu_scans","qr_code_menu_scans","qr_code_menu_scans"
"other_non_contactless_menu_qr_flyer_scans","other_non_contactless_menu_qr_flyer_scans","other_non_contactless_menu_qr_flyer_scans","other_non_contactless_menu_qr_flyer_scans","other_non_contactless_menu_qr_flyer_scans","other_non_contactless_menu_qr_flyer_scans","other_non_contactless_menu_qr_flyer_scans","other_non_contactless_menu_qr_flyer_scans","other_non_contactless_menu_qr_flyer_scans","other_non_contactless_menu_qr_flyer_scans","other_non_contactless_menu_qr_flyer_scans","other_non_contactless_menu_qr_flyer_scans","other_non_contactless_menu_qr_flyer_scans","other_non_contactless_menu_qr_flyer_scans","other_non_contactless_menu_qr_flyer_scans","other_non_contactless_menu_qr_flyer_scans","other_non_contactless_menu_qr_flyer_scans","other_non_contactless_menu_qr_flyer_scans",,"other_non_contactless_menu_qr_flyer_scans","other_non_contactless_menu_qr_flyer_scans","other_non_contactless_menu_qr_flyer_scans","other_non_contactless_menu_qr_flyer_scans","other_non_contactless_menu_qr_flyer_scans","other_non_contactless_menu_qr_flyer_scans","other_non_contactless_menu_qr_flyer_scans","other_non_contactless_menu_qr_flyer_scans",,"other_non_contactless_menu_qr_flyer_scans","other_non_contactless_menu_qr_flyer_scans","other_non_contactless_menu_qr_flyer_scans","other_non_contactless_menu_qr_flyer_scans","other_non_contactless_menu_qr_flyer_scans","other_non_contactless_menu_qr_flyer_scans",,"other_non_contactless_menu_qr_flyer_scans",,"other_non_contactless_menu_qr_flyer_scans","other_non_contactless_menu_qr_flyer_scans","other_non_contactless_menu_qr_flyer_scans","other_non_contactless_menu_qr_flyer_scans","other_non_contactless_menu_qr_flyer_scans","other_non_contactless_menu_qr_flyer_scans","other_non_contactless_menu_qr_flyer_scans","other_non_contactless_menu_qr_flyer_scans","other_non_contactless_menu_qr_flyer_scans","other_non_contactless_menu_qr_flyer_scans"
"clicked_emails","clicked_emails","clicked_emails","clicked_emails","clicked_emails","clicked_emails","clicked_emails","clicked_emails","clicked_emails","clicked_emails","clicked_emails","clicked_emails","clicked_emails","clicked_emails","clicked_emails","clicked_emails","clicked_emails","clicked_emails","clicked_emails","clicked_emails","clicked_emails",,,"clicked_emails","clicked_emails","clicked_emails","clicked_emails",,"clicked_emails","clicked_emails","clicked_emails","clicked_emails",,"clicked_emails","clicked_emails","clicked_emails","clicked_emails","clicked_emails","clicked_emails","clicked_emails","clicked_emails","clicked_emails","clicked_emails","clicked_emails","clicked_emails","clicked_emails","clicked_emails"
"opened_rewarding_stats_emails","opened_rewarding_stats_emails","opened_rewarding_stats_emails","opened_rewarding_stats_emails","opened_rewarding_stats_emails","opened_rewarding_stats_emails","opened_rewarding_stats_emails","opened_rewarding_stats_emails","opened_rewarding_stats_emails","opened_rewarding_stats_emails","opened_rewarding_stats_emails","opened_rewarding_stats_emails","opened_rewarding_stats_emails","opened_rewarding_stats_emails","opened_rewarding_stats_emails","opened_rewarding_stats_emails","opened_rewarding_stats_emails","opened_rewarding_stats_emails","opened_rewarding_stats_emails","opened_rewarding_stats_emails",,"opened_rewarding_stats_emails",,"opened_rewarding_stats_emails","opened_rewarding_stats_emails","opened_rewarding_stats_emails","opened_rewarding_stats_emails","opened_rewarding_stats_emails","opened_rewarding_stats_emails","opened_rewarding_stats_emails","opened_rewarding_stats_emails","opened_rewarding_stats_emails","opened_rewarding_stats_emails","opened_rewarding_stats_emails","opened_rewarding_stats_emails","opened_rewarding_stats_emails","opened_rewarding_stats_emails","opened_rewarding_stats_emails","opened_rewarding_stats_emails","opened_rewarding_stats_emails","opened_rewarding_stats_emails","opened_rewarding_stats_emails","opened_rewarding_stats_emails","opened_rewarding_stats_emails","opened_rewarding_stats_emails","opened_rewarding_stats_emails","opened_rewarding_stats_emails"
"tickets","tickets","tickets","tickets","tickets","tickets","tickets","tickets","tickets","tickets","tickets","tickets","tickets","tickets","tickets","tickets","tickets","tickets","tickets","tickets",,,"tickets","tickets","tickets","tickets","tickets","tickets","tickets","tickets","tickets","tickets","tickets","tickets","tickets","tickets","tickets","tickets","tickets","tickets","tickets","tickets","tickets","tickets","tickets","tickets","tickets"
"added_events_manually_edited_events","added_events_manually_edited_events","added_events_manually_edited_events","added_events_manually_edited_events","added_events_manually_edited_events","added_events_manually_edited_events","added_events_manually_edited_events","added_events_manually_edited_events","added_events_manually_edited_events","added_events_manually_edited_events","added_events_manually_edited_events","added_events_manually_edited_events","added_events_manually_edited_events","added_events_manually_edited_events","added_events_manually_edited_events","added_events_manually_edited_events","added_events_manually_edited_events","added_events_manually_edited_events","added_events_manually_edited_events","added_events_manually_edited_events","added_events_manually_edited_events","added_events_manually_edited_events","added_events_manually_edited_events","added_events_manually_edited_events","added_events_manually_edited_events","added_events_manually_edited_events","added_events_manually_edited_events",,,"added_events_manually_edited_events","added_events_manually_edited_events","added_events_manually_edited_events","added_events_manually_edited_events","added_events_manually_edited_events","added_events_manually_edited_events",,"added_events_manually_edited_events","added_events_manually_edited_events","added_events_manually_edited_events","added_events_manually_edited_events","added_events_manually_edited_events","added_events_manually_edited_events","added_events_manually_edited_events","added_events_manually_edited_events","added_events_manually_edited_events","added_events_manually_edited_events","added_events_manually_edited_events"
"added_food_edited_food","added_food_edited_food","added_food_edited_food","added_food_edited_food","added_food_edited_food","added_food_edited_food","added_food_edited_food","added_food_edited_food","added_food_edited_food","added_food_edited_food","added_food_edited_food","added_food_edited_food","added_food_edited_food","added_food_edited_food","added_food_edited_food","added_food_edited_food","added_food_edited_food","added_food_edited_food","added_food_edited_food","added_food_edited_food","added_food_edited_food","added_food_edited_food","added_food_edited_food","added_food_edited_food","added_food_edited_food","added_food_edited_food","added_food_edited_food",,"added_food_edited_food",,"added_food_edited_food","added_food_edited_food","added_food_edited_food","added_food_edited_food","added_food_edited_food","added_food_edited_food","added_food_edited_food","added_food_edited_food","added_food_edited_food","added_food_edited_food","added_food_edited_food","added_food_edited_food","added_food_edited_food","added_food_edited_food","added_food_edited_food","added_food_edited_food","added_food_edited_food"
"added_specials_edited_specials","added_specials_edited_specials","added_specials_edited_specials","added_specials_edited_specials","added_specials_edited_specials","added_specials_edited_specials","added_specials_edited_specials","added_specials_edited_specials","added_specials_edited_specials","added_specials_edited_specials","added_specials_edited_specials","added_specials_edited_specials","added_specials_edited_specials","added_specials_edited_specials","added_specials_edited_specials","added_specials_edited_specials","added_specials_edited_specials","added_specials_edited_specials","added_specials_edited_specials","added_specials_edited_specials","added_specials_edited_specials","added_specials_edited_specials","added_specials_edited_specials","added_specials_edited_specials","added_specials_edited_specials","added_specials_edited_specials","added_specials_edited_specials",,"added_specials_edited_specials","added_specials_edited_specials","added_specials_edited_specials",,"added_specials_edited_specials","added_specials_edited_specials","added_specials_edited_specials","added_specials_edited_specials","added_specials_edited_specials","added_specials_edited_specials","added_specials_edited_specials","added_specials_edited_specials","added_specials_edited_specials","added_specials_edited_specials","added_specials_edited_specials","added_specials_edited_specials","added_specials_edited_specials","added_specials_edited_specials","added_specials_edited_specials"
"emails_sent_manually_scheduled_emails_sent","emails_sent_manually_scheduled_emails_sent","emails_sent_manually_scheduled_emails_sent","emails_sent_manually_scheduled_emails_sent","emails_sent_manually_scheduled_emails_sent","emails_sent_manually_scheduled_emails_sent","emails_sent_manually_scheduled_emails_sent","emails_sent_manually_scheduled_emails_sent","emails_sent_manually_scheduled_emails_sent",,"emails_sent_manually_scheduled_emails_sent","emails_sent_manually_scheduled_emails_sent","emails_sent_manually_scheduled_emails_sent","emails_sent_manually_scheduled_emails_sent","emails_sent_manually_scheduled_emails_sent","emails_sent_manually_scheduled_emails_sent","emails_sent_manually_scheduled_emails_sent","emails_sent_manually_scheduled_emails_sent","emails_sent_manually_scheduled_emails_sent","emails_sent_manually_scheduled_emails_sent","emails_sent_manually_scheduled_emails_sent","emails_sent_manually_scheduled_emails_sent","emails_sent_manually_scheduled_emails_sent","emails_sent_manually_scheduled_emails_sent","emails_sent_manually_scheduled_emails_sent","emails_sent_manually_scheduled_emails_sent","emails_sent_manually_scheduled_emails_sent",,"emails_sent_manually_scheduled_emails_sent","emails_sent_manually_scheduled_emails_sent","emails_sent_manually_scheduled_emails_sent","emails_sent_manually_scheduled_emails_sent","emails_sent_manually_scheduled_emails_sent","emails_sent_manually_scheduled_emails_sent","emails_sent_manually_scheduled_emails_sent","emails_sent_manually_scheduled_emails_sent","emails_sent_manually_scheduled_emails_sent","emails_sent_manually_scheduled_emails_sent","emails_sent_manually_scheduled_emails_sent","emails_sent_manually_scheduled_emails_sent","emails_sent_manually_scheduled_emails_sent","emails_sent_manually_scheduled_emails_sent","emails_sent_manually_scheduled_emails_sent","emails_sent_manually_scheduled_emails_sent","emails_sent_manually_scheduled_emails_sent","emails_sent_manually_scheduled_emails_sent","emails_sent_manually_scheduled_emails_sent"
"visited_admin","visited_admin","visited_admin",,,,,"visited_admin",,,,,,,,,,,,,,"visited_admin","visited_admin",,,,,"visited_admin",,,,,,,,,,,,,,,"visited_admin","visited_admin","visited_admin","visited_admin","visited_admin"
"visited_events_page","visited_events_page","visited_events_page","visited_events_page","visited_events_page","visited_events_page","visited_events_page","visited_events_page","visited_events_page","visited_events_page","visited_events_page","visited_events_page","visited_events_page","visited_events_page","visited_events_page","visited_events_page","visited_events_page","visited_events_page","visited_events_page","visited_events_page","visited_events_page","visited_events_page","visited_events_page",,"visited_events_page","visited_events_page","visited_events_page",,"visited_events_page","visited_events_page","visited_events_page","visited_events_page","visited_events_page","visited_events_page","visited_events_page","visited_events_page","visited_events_page","visited_events_page","visited_events_page","visited_events_page","visited_events_page","visited_events_page","visited_events_page","visited_events_page","visited_events_page","visited_events_page","visited_events_page"
"visited_food_page","visited_food_page","visited_food_page","visited_food_page","visited_food_page","visited_food_page","visited_food_page","visited_food_page","visited_food_page","visited_food_page","visited_food_page","visited_food_page","visited_food_page","visited_food_page","visited_food_page","visited_food_page","visited_food_page","visited_food_page","visited_food_page","visited_food_page","visited_food_page","visited_food_page","visited_food_page","visited_food_page",,"visited_food_page","visited_food_page",,"visited_food_page","visited_food_page","visited_food_page","visited_food_page","visited_food_page","visited_food_page","visited_food_page","visited_food_page","visited_food_page","visited_food_page","visited_food_page","visited_food_page","visited_food_page","visited_food_page","visited_food_page","visited_food_page","visited_food_page","visited_food_page","visited_food_page"
"visited_inquiries_pages","visited_inquiries_pages","visited_inquiries_pages","visited_inquiries_pages","visited_inquiries_pages","visited_inquiries_pages","visited_inquiries_pages","visited_inquiries_pages","visited_inquiries_pages","visited_inquiries_pages","visited_inquiries_pages","visited_inquiries_pages","visited_inquiries_pages",,,,,,"visited_inquiries_pages","visited_inquiries_pages","visited_inquiries_pages","visited_inquiries_pages","visited_inquiries_pages","visited_inquiries_pages","visited_inquiries_pages","visited_inquiries_pages","visited_inquiries_pages",,"visited_inquiries_pages","visited_inquiries_pages","visited_inquiries_pages","visited_inquiries_pages","visited_inquiries_pages","visited_inquiries_pages","visited_inquiries_pages","visited_inquiries_pages","visited_inquiries_pages",,,,,,"visited_inquiries_pages","visited_inquiries_pages","visited_inquiries_pages","visited_inquiries_pages","visited_inquiries_pages"
"visited_special_page","visited_special_page","visited_special_page","visited_special_page","visited_special_page","visited_special_page","visited_special_page","visited_special_page","visited_special_page","visited_special_page","visited_special_page","visited_special_page","visited_special_page","visited_special_page","visited_special_page","visited_special_page","visited_special_page","visited_special_page","visited_special_page","visited_special_page","visited_special_page","visited_special_page","visited_special_page","visited_special_page","visited_special_page",,"visited_special_page",,"visited_special_page","visited_special_page","visited_special_page","visited_special_page","visited_special_page","visited_special_page","visited_special_page","visited_special_page","visited_special_page","visited_special_page","visited_special_page","visited_special_page","visited_special_page","visited_special_page","visited_special_page","visited_special_page","visited_special_page","visited_special_page","visited_special_page"
"visited_stats_page","visited_stats_page","visited_stats_page","visited_stats_page","visited_stats_page","visited_stats_page","visited_stats_page","visited_stats_page","visited_stats_page","visited_stats_page","visited_stats_page","visited_stats_page","visited_stats_page","visited_stats_page","visited_stats_page","visited_stats_page","visited_stats_page","visited_stats_page","visited_stats_page","visited_stats_page",,"visited_stats_page","visited_stats_page","visited_stats_page","visited_stats_page","visited_stats_page","visited_stats_page",,"visited_stats_page","visited_stats_page","visited_stats_page","visited_stats_page","visited_stats_page","visited_stats_page","visited_stats_page","visited_stats_page","visited_stats_page","visited_stats_page","visited_stats_page","visited_stats_page","visited_stats_page","visited_stats_page","visited_stats_page","visited_stats_page","visited_stats_page","visited_stats_page","visited_stats_page"
"downloaded_regular_flyers","downloaded_regular_flyers","downloaded_regular_flyers","downloaded_regular_flyers","downloaded_regular_flyers","downloaded_regular_flyers","downloaded_regular_flyers","downloaded_regular_flyers","downloaded_regular_flyers","downloaded_regular_flyers","downloaded_regular_flyers","downloaded_regular_flyers","downloaded_regular_flyers","downloaded_regular_flyers","downloaded_regular_flyers","downloaded_regular_flyers","downloaded_regular_flyers","downloaded_regular_flyers","downloaded_regular_flyers","downloaded_regular_flyers","downloaded_regular_flyers","downloaded_regular_flyers","downloaded_regular_flyers","downloaded_regular_flyers","downloaded_regular_flyers","downloaded_regular_flyers","downloaded_regular_flyers",,"downloaded_regular_flyers","downloaded_regular_flyers","downloaded_regular_flyers","downloaded_regular_flyers","downloaded_regular_flyers","downloaded_regular_flyers","downloaded_regular_flyers",,"downloaded_regular_flyers","downloaded_regular_flyers","downloaded_regular_flyers","downloaded_regular_flyers","downloaded_regular_flyers","downloaded_regular_flyers","downloaded_regular_flyers","downloaded_regular_flyers","downloaded_regular_flyers","downloaded_regular_flyers","downloaded_regular_flyers"
"downloaded_qrcode_flyers","downloaded_qrcode_flyers","downloaded_qrcode_flyers","downloaded_qrcode_flyers","downloaded_qrcode_flyers","downloaded_qrcode_flyers","downloaded_qrcode_flyers","downloaded_qrcode_flyers","downloaded_qrcode_flyers","downloaded_qrcode_flyers","downloaded_qrcode_flyers","downloaded_qrcode_flyers","downloaded_qrcode_flyers","downloaded_qrcode_flyers","downloaded_qrcode_flyers","downloaded_qrcode_flyers","downloaded_qrcode_flyers","downloaded_qrcode_flyers",,,"downloaded_qrcode_flyers","downloaded_qrcode_flyers","downloaded_qrcode_flyers","downloaded_qrcode_flyers","downloaded_qrcode_flyers","downloaded_qrcode_flyers","downloaded_qrcode_flyers",,"downloaded_qrcode_flyers","downloaded_qrcode_flyers","downloaded_qrcode_flyers","downloaded_qrcode_flyers","downloaded_qrcode_flyers","downloaded_qrcode_flyers","downloaded_qrcode_flyers","downloaded_qrcode_flyers",,"downloaded_qrcode_flyers","downloaded_qrcode_flyers","downloaded_qrcode_flyers","downloaded_qrcode_flyers","downloaded_qrcode_flyers","downloaded_qrcode_flyers","downloaded_qrcode_flyers","downloaded_qrcode_flyers","downloaded_qrcode_flyers","downloaded_qrcode_flyers"
"visited_regular_flyers_page","visited_regular_flyers_page","visited_regular_flyers_page","visited_regular_flyers_page","visited_regular_flyers_page","visited_regular_flyers_page","visited_regular_flyers_page","visited_regular_flyers_page","visited_regular_flyers_page","visited_regular_flyers_page","visited_regular_flyers_page","visited_regular_flyers_page","visited_regular_flyers_page","visited_regular_flyers_page","visited_regular_flyers_page","visited_regular_flyers_page","visited_regular_flyers_page","visited_regular_flyers_page","visited_regular_flyers_page","visited_regular_flyers_page","visited_regular_flyers_page","visited_regular_flyers_page","visited_regular_flyers_page",,"visited_regular_flyers_page","visited_regular_flyers_page","visited_regular_flyers_page",,"visited_regular_flyers_page","visited_regular_flyers_page","visited_regular_flyers_page","visited_regular_flyers_page","visited_regular_flyers_page",,"visited_regular_flyers_page","visited_regular_flyers_page","visited_regular_flyers_page","visited_regular_flyers_page","visited_regular_flyers_page","visited_regular_flyers_page","visited_regular_flyers_page","visited_regular_flyers_page","visited_regular_flyers_page","visited_regular_flyers_page","visited_regular_flyers_page","visited_regular_flyers_page","visited_regular_flyers_page"
"visited_qrcode_flyers_page","visited_qrcode_flyers_page","visited_qrcode_flyers_page","visited_qrcode_flyers_page","visited_qrcode_flyers_page","visited_qrcode_flyers_page","visited_qrcode_flyers_page","visited_qrcode_flyers_page","visited_qrcode_flyers_page","visited_qrcode_flyers_page","visited_qrcode_flyers_page","visited_qrcode_flyers_page","visited_qrcode_flyers_page","visited_qrcode_flyers_page","visited_qrcode_flyers_page","visited_qrcode_flyers_page","visited_qrcode_flyers_page","visited_qrcode_flyers_page",,,"visited_qrcode_flyers_page","visited_qrcode_flyers_page","visited_qrcode_flyers_page","visited_qrcode_flyers_page","visited_qrcode_flyers_page","visited_qrcode_flyers_page","visited_qrcode_flyers_page",,"visited_qrcode_flyers_page","visited_qrcode_flyers_page","visited_qrcode_flyers_page","visited_qrcode_flyers_page","visited_qrcode_flyers_page","visited_qrcode_flyers_page",,"visited_qrcode_flyers_page","visited_qrcode_flyers_page","visited_qrcode_flyers_page","visited_qrcode_flyers_page","visited_qrcode_flyers_page","visited_qrcode_flyers_page","visited_qrcode_flyers_page","visited_qrcode_flyers_page","visited_qrcode_flyers_page","visited_qrcode_flyers_page","visited_qrcode_flyers_page","visited_qrcode_flyers_page"
"incentive_downloads","incentive_downloads","incentive_downloads","incentive_downloads","incentive_downloads","incentive_downloads","incentive_downloads","incentive_downloads","incentive_downloads","incentive_downloads","incentive_downloads","incentive_downloads","incentive_downloads","incentive_downloads","incentive_downloads","incentive_downloads","incentive_downloads","incentive_downloads","incentive_downloads","incentive_downloads","incentive_downloads","incentive_downloads","incentive_downloads","incentive_downloads","incentive_downloads","incentive_downloads","incentive_downloads","incentive_downloads","incentive_downloads","incentive_downloads","incentive_downloads","incentive_downloads","incentive_downloads","incentive_downloads","incentive_downloads","incentive_downloads","incentive_downloads","incentive_downloads","incentive_downloads","incentive_downloads","incentive_downloads","incentive_downloads","incentive_downloads","incentive_downloads","incentive_downloads","incentive_downloads","incentive_downloads"
"bday_club_downloads","bday_club_downloads","bday_club_downloads","bday_club_downloads","bday_club_downloads","bday_club_downloads","bday_club_downloads","bday_club_downloads","bday_club_downloads","bday_club_downloads","bday_club_downloads","bday_club_downloads","bday_club_downloads","bday_club_downloads","bday_club_downloads","bday_club_downloads","bday_club_downloads","bday_club_downloads","bday_club_downloads","bday_club_downloads","bday_club_downloads","bday_club_downloads","bday_club_downloads","bday_club_downloads","bday_club_downloads","bday_club_downloads","bday_club_downloads","bday_club_downloads","bday_club_downloads","bday_club_downloads","bday_club_downloads","bday_club_downloads","bday_club_downloads","bday_club_downloads","bday_club_downloads","bday_club_downloads","bday_club_downloads","bday_club_downloads","bday_club_downloads","bday_club_downloads","bday_club_downloads","bday_club_downloads","bday_club_downloads","bday_club_downloads","bday_club_downloads","bday_club_downloads","bday_club_downloads"
"feedback_submissions","feedback_submissions","feedback_submissions","feedback_submissions","feedback_submissions","feedback_submissions","feedback_submissions","feedback_submissions","feedback_submissions","feedback_submissions","feedback_submissions","feedback_submissions","feedback_submissions","feedback_submissions","feedback_submissions","feedback_submissions","feedback_submissions","feedback_submissions","feedback_submissions","feedback_submissions","feedback_submissions","feedback_submissions","feedback_submissions","feedback_submissions","feedback_submissions","feedback_submissions","feedback_submissions","feedback_submissions","feedback_submissions","feedback_submissions","feedback_submissions","feedback_submissions","feedback_submissions","feedback_submissions","feedback_submissions","feedback_submissions","feedback_submissions","feedback_submissions","feedback_submissions","feedback_submissions","feedback_submissions","feedback_submissions","feedback_submissions","feedback_submissions","feedback_submissions","feedback_submissions","feedback_submissions"
"r_changed_inquiry_status","r_changed_inquiry_status","r_changed_inquiry_status","r_changed_inquiry_status","r_changed_inquiry_status","r_changed_inquiry_status","r_changed_inquiry_status","r_changed_inquiry_status","r_changed_inquiry_status","r_changed_inquiry_status","r_changed_inquiry_status","r_changed_inquiry_status","r_changed_inquiry_status","r_changed_inquiry_status","r_changed_inquiry_status","r_changed_inquiry_status","r_changed_inquiry_status",,"r_changed_inquiry_status","r_changed_inquiry_status","r_changed_inquiry_status","r_changed_inquiry_status","r_changed_inquiry_status","r_changed_inquiry_status","r_changed_inquiry_status","r_changed_inquiry_status","r_changed_inquiry_status",,"r_changed_inquiry_status","r_changed_inquiry_status",,"r_changed_inquiry_status","r_changed_inquiry_status","r_changed_inquiry_status","r_changed_inquiry_status","r_changed_inquiry_status","r_changed_inquiry_status","r_changed_inquiry_status","r_changed_inquiry_status","r_changed_inquiry_status","r_changed_inquiry_status","r_changed_inquiry_status","r_changed_inquiry_status","r_changed_inquiry_status","r_changed_inquiry_status","r_changed_inquiry_status","r_changed_inquiry_status"
"c_changed_inquiry_status","c_changed_inquiry_status","c_changed_inquiry_status","c_changed_inquiry_status","c_changed_inquiry_status","c_changed_inquiry_status","c_changed_inquiry_status","c_changed_inquiry_status","c_changed_inquiry_status","c_changed_inquiry_status","c_changed_inquiry_status","c_changed_inquiry_status","c_changed_inquiry_status","c_changed_inquiry_status","c_changed_inquiry_status",,"c_changed_inquiry_status","c_changed_inquiry_status","c_changed_inquiry_status","c_changed_inquiry_status","c_changed_inquiry_status","c_changed_inquiry_status","c_changed_inquiry_status","c_changed_inquiry_status","c_changed_inquiry_status","c_changed_inquiry_status","c_changed_inquiry_status",,"c_changed_inquiry_status","c_changed_inquiry_status",,"c_changed_inquiry_status","c_changed_inquiry_status","c_changed_inquiry_status","c_changed_inquiry_status","c_changed_inquiry_status","c_changed_inquiry_status","c_changed_inquiry_status","c_changed_inquiry_status","c_changed_inquiry_status","c_changed_inquiry_status","c_changed_inquiry_status","c_changed_inquiry_status","c_changed_inquiry_status","c_changed_inquiry_status","c_changed_inquiry_status","c_changed_inquiry_status"
"pp_changed_inquiry_status","pp_changed_inquiry_status","pp_changed_inquiry_status","pp_changed_inquiry_status","pp_changed_inquiry_status","pp_changed_inquiry_status","pp_changed_inquiry_status","pp_changed_inquiry_status","pp_changed_inquiry_status","pp_changed_inquiry_status","pp_changed_inquiry_status","pp_changed_inquiry_status","pp_changed_inquiry_status",,"pp_changed_inquiry_status","pp_changed_inquiry_status","pp_changed_inquiry_status","pp_changed_inquiry_status","pp_changed_inquiry_status","pp_changed_inquiry_status","pp_changed_inquiry_status","pp_changed_inquiry_status","pp_changed_inquiry_status","pp_changed_inquiry_status","pp_changed_inquiry_status","pp_changed_inquiry_status","pp_changed_inquiry_status",,"pp_changed_inquiry_status","pp_changed_inquiry_status",,"pp_changed_inquiry_status","pp_changed_inquiry_status","pp_changed_inquiry_status","pp_changed_inquiry_status","pp_changed_inquiry_status","pp_changed_inquiry_status","pp_changed_inquiry_status","pp_changed_inquiry_status","pp_changed_inquiry_status","pp_changed_inquiry_status","pp_changed_inquiry_status","pp_changed_inquiry_status","pp_changed_inquiry_status","pp_changed_inquiry_status","pp_changed_inquiry_status","pp_changed_inquiry_status"
"o_changed_inquiry_status","o_changed_inquiry_status","o_changed_inquiry_status","o_changed_inquiry_status","o_changed_inquiry_status","o_changed_inquiry_status","o_changed_inquiry_status","o_changed_inquiry_status","o_changed_inquiry_status","o_changed_inquiry_status","o_changed_inquiry_status","o_changed_inquiry_status","o_changed_inquiry_status","o_changed_inquiry_status","o_changed_inquiry_status","o_changed_inquiry_status",,"o_changed_inquiry_status","o_changed_inquiry_status","o_changed_inquiry_status","o_changed_inquiry_status","o_changed_inquiry_status","o_changed_inquiry_status","o_changed_inquiry_status","o_changed_inquiry_status","o_changed_inquiry_status","o_changed_inquiry_status",,"o_changed_inquiry_status","o_changed_inquiry_status",,"o_changed_inquiry_status","o_changed_inquiry_status","o_changed_inquiry_status","o_changed_inquiry_status","o_changed_inquiry_status","o_changed_inquiry_status","o_changed_inquiry_status","o_changed_inquiry_status","o_changed_inquiry_status","o_changed_inquiry_status","o_changed_inquiry_status","o_changed_inquiry_status","o_changed_inquiry_status","o_changed_inquiry_status","o_changed_inquiry_status","o_changed_inquiry_status"
"jl_changed_inquiry_status","jl_changed_inquiry_status","jl_changed_inquiry_status","jl_changed_inquiry_status","jl_changed_inquiry_status","jl_changed_inquiry_status","jl_changed_inquiry_status","jl_changed_inquiry_status","jl_changed_inquiry_status","jl_changed_inquiry_status","jl_changed_inquiry_status","jl_changed_inquiry_status","jl_changed_inquiry_status","jl_changed_inquiry_status",,"jl_changed_inquiry_status","jl_changed_inquiry_status","jl_changed_inquiry_status","jl_changed_inquiry_status","jl_changed_inquiry_status","jl_changed_inquiry_status","jl_changed_inquiry_status","jl_changed_inquiry_status","jl_changed_inquiry_status","jl_changed_inquiry_status","jl_changed_inquiry_status","jl_changed_inquiry_status",,"jl_changed_inquiry_status","jl_changed_inquiry_status",,"jl_changed_inquiry_status","jl_changed_inquiry_status","jl_changed_inquiry_status","jl_changed_inquiry_status","jl_changed_inquiry_status","jl_changed_inquiry_status","jl_changed_inquiry_status","jl_changed_inquiry_status","jl_changed_inquiry_status","jl_changed_inquiry_status","jl_changed_inquiry_status","jl_changed_inquiry_status","jl_changed_inquiry_status","jl_changed_inquiry_status","jl_changed_inquiry_status","jl_changed_inquiry_status"
"Website.Views.last.month.total.log2","Website.Views.last.month.total.log2","Website.Views.last.month.total.log2","Website.Views.last.month.total.log2","Website.Views.last.month.total.log2","Website.Views.last.month.total.log2","Website.Views.last.month.total.log2","Website.Views.last.month.total.log2","Website.Views.last.month.total.log2","Website.Views.last.month.total.log2","Website.Views.last.month.total.log2","Website.Views.last.month.total.log2","Website.Views.last.month.total.log2","Website.Views.last.month.total.log2","Website.Views.last.month.total.log2","Website.Views.last.month.total.log2","Website.Views.last.month.total.log2","Website.Views.last.month.total.log2","Website.Views.last.month.total.log2","Website.Views.last.month.total.log2","Website.Views.last.month.total.log2","Website.Views.last.month.total.log2","Website.Views.last.month.total.log2","Website.Views.last.month.total.log2","Website.Views.last.month.total.log2","Website.Views.last.month.total.log2","Website.Views.last.month.total.log2","Website.Views.last.month.total.log2","Website.Views.last.month.total.log2","Website.Views.last.month.total.log2","Website.Views.last.month.total.log2","Website.Views.last.month.total.log2","Website.Views.last.month.total.log2","Website.Views.last.month.total.log2","Website.Views.last.month.total.log2","Website.Views.last.month.total.log2","Website.Views.last.month.total.log2","Website.Views.last.month.total.log2","Website.Views.last.month.total.log2","Website.Views.last.month.total.log2","Website.Views.last.month.total.log2","Website.Views.last.month.total.log2","Website.Views.last.month.total.log2","Website.Views.last.month.total.log2","Website.Views.last.month.total.log2","Website.Views.last.month.total.log2","Website.Views.last.month.total.log2"
"SpotHopper_site_not_live_yet","SpotHopper_site_not_live_yet","SpotHopper_site_not_live_yet","SpotHopper_site_not_live_yet","SpotHopper_site_not_live_yet","SpotHopper_site_not_live_yet","SpotHopper_site_not_live_yet","SpotHopper_site_not_live_yet","SpotHopper_site_not_live_yet","SpotHopper_site_not_live_yet","SpotHopper_site_not_live_yet","SpotHopper_site_not_live_yet","SpotHopper_site_not_live_yet","SpotHopper_site_not_live_yet","SpotHopper_site_not_live_yet","SpotHopper_site_not_live_yet","SpotHopper_site_not_live_yet","SpotHopper_site_not_live_yet","SpotHopper_site_not_live_yet","SpotHopper_site_not_live_yet","SpotHopper_site_not_live_yet","SpotHopper_site_not_live_yet","SpotHopper_site_not_live_yet","SpotHopper_site_not_live_yet","SpotHopper_site_not_live_yet","SpotHopper_site_not_live_yet","SpotHopper_site_not_live_yet","SpotHopper_site_not_live_yet","SpotHopper_site_not_live_yet","SpotHopper_site_not_live_yet","SpotHopper_site_not_live_yet","SpotHopper_site_not_live_yet","SpotHopper_site_not_live_yet","SpotHopper_site_not_live_yet","SpotHopper_site_not_live_yet","SpotHopper_site_not_live_yet","SpotHopper_site_not_live_yet","SpotHopper_site_not_live_yet","SpotHopper_site_not_live_yet","SpotHopper_site_not_live_yet","SpotHopper_site_not_live_yet","SpotHopper_site_not_live_yet","SpotHopper_site_not_live_yet","SpotHopper_site_not_live_yet","SpotHopper_site_not_live_yet","SpotHopper_site_not_live_yet","SpotHopper_site_not_live_yet"
"their_own_website_dontKnow","their_own_website_dontKnow","their_own_website_dontKnow","their_own_website_dontKnow","their_own_website_dontKnow","their_own_website_dontKnow","their_own_website_dontKnow","their_own_website_dontKnow","their_own_website_dontKnow","their_own_website_dontKnow","their_own_website_dontKnow","their_own_website_dontKnow","their_own_website_dontKnow","their_own_website_dontKnow","their_own_website_dontKnow","their_own_website_dontKnow","their_own_website_dontKnow","their_own_website_dontKnow","their_own_website_dontKnow","their_own_website_dontKnow","their_own_website_dontKnow","their_own_website_dontKnow","their_own_website_dontKnow","their_own_website_dontKnow","their_own_website_dontKnow","their_own_website_dontKnow","their_own_website_dontKnow","their_own_website_dontKnow","their_own_website_dontKnow","their_own_website_dontKnow","their_own_website_dontKnow","their_own_website_dontKnow","their_own_website_dontKnow","their_own_website_dontKnow","their_own_website_dontKnow","their_own_website_dontKnow","their_own_website_dontKnow","their_own_website_dontKnow","their_own_website_dontKnow","their_own_website_dontKnow","their_own_website_dontKnow","their_own_website_dontKnow","their_own_website_dontKnow","their_own_website_dontKnow","their_own_website_dontKnow","their_own_website_dontKnow","their_own_website_dontKnow"
"their_own_website_no","their_own_website_no","their_own_website_no","their_own_website_no","their_own_website_no","their_own_website_no","their_own_website_no","their_own_website_no","their_own_website_no","their_own_website_no","their_own_website_no","their_own_website_no","their_own_website_no","their_own_website_no","their_own_website_no","their_own_website_no","their_own_website_no","their_own_website_no","their_own_website_no","their_own_website_no","their_own_website_no","their_own_website_no","their_own_website_no","their_own_website_no","their_own_website_no","their_own_website_no","their_own_website_no","their_own_website_no","their_own_website_no","their_own_website_no","their_own_website_no","their_own_website_no","their_own_website_no","their_own_website_no","their_own_website_no","their_own_website_no","their_own_website_no","their_own_website_no","their_own_website_no","their_own_website_no","their_own_website_no","their_own_website_no","their_own_website_no","their_own_website_no","their_own_website_no","their_own_website_no","their_own_website_no"
"Annual Commitment with 2 semi-annual payments","Annual Commitment with 2 semi-annual payments","Annual Commitment with 2 semi-annual payments","Annual Commitment with 2 semi-annual payments","Annual Commitment with 2 semi-annual payments","Annual Commitment with 2 semi-annual payments","Annual Commitment with 2 semi-annual payments","Annual Commitment with 2 semi-annual payments","Annual Commitment with 2 semi-annual payments","Annual Commitment with 2 semi-annual payments","Annual Commitment with 2 semi-annual payments","Annual Commitment with 2 semi-annual payments","Annual Commitment with 2 semi-annual payments","Annual Commitment with 2 semi-annual payments","Annual Commitment with 2 semi-annual payments","Annual Commitment with 2 semi-annual payments","Annual Commitment with 2 semi-annual payments","Annual Commitment with 2 semi-annual payments","Annual Commitment with 2 semi-annual payments","Annual Commitment with 2 semi-annual payments","Annual Commitment with 2 semi-annual payments","Annual Commitment with 2 semi-annual payments","Annual Commitment with 2 semi-annual payments","Annual Commitment with 2 semi-annual payments","Annual Commitment with 2 semi-annual payments","Annual Commitment with 2 semi-annual payments","Annual Commitment with 2 semi-annual payments","Annual Commitment with 2 semi-annual payments","Annual Commitment with 2 semi-annual payments","Annual Commitment with 2 semi-annual payments","Annual Commitment with 2 semi-annual payments","Annual Commitment with 2 semi-annual payments","Annual Commitment with 2 semi-annual payments","Annual Commitment with 2 semi-annual payments","Annual Commitment with 2 semi-annual payments","Annual Commitment with 2 semi-annual payments","Annual Commitment with 2 semi-annual payments","Annual Commitment with 2 semi-annual payments","Annual Commitment with 2 semi-annual payments","Annual Commitment with 2 semi-annual payments","Annual Commitment with 2 semi-annual payments","Annual Commitment with 2 semi-annual payments","Annual Commitment with 2 semi-annual payments","Annual Commitment with 2 semi-annual payments","Annual Commitment with 2 semi-annual payments","Annual Commitment with 2 semi-annual payments","Annual Commitment with 2 semi-annual payments"
"Annual Prepay","Annual Prepay","Annual Prepay","Annual Prepay","Annual Prepay","Annual Prepay","Annual Prepay","Annual Prepay","Annual Prepay","Annual Prepay","Annual Prepay","Annual Prepay","Annual Prepay","Annual Prepay","Annual Prepay","Annual Prepay","Annual Prepay","Annual Prepay","Annual Prepay","Annual Prepay","Annual Prepay","Annual Prepay","Annual Prepay","Annual Prepay","Annual Prepay","Annual Prepay","Annual Prepay","Annual Prepay","Annual Prepay","Annual Prepay","Annual Prepay","Annual Prepay","Annual Prepay","Annual Prepay","Annual Prepay","Annual Prepay","Annual Prepay","Annual Prepay","Annual Prepay","Annual Prepay","Annual Prepay","Annual Prepay","Annual Prepay","Annual Prepay","Annual Prepay","Annual Prepay","Annual Prepay"
"Monthly","Monthly","Monthly","Monthly","Monthly","Monthly","Monthly","Monthly","Monthly","Monthly","Monthly","Monthly","Monthly","Monthly","Monthly","Monthly","Monthly","Monthly","Monthly","Monthly","Monthly","Monthly","Monthly","Monthly","Monthly","Monthly","Monthly","Monthly","Monthly","Monthly","Monthly","Monthly","Monthly","Monthly","Monthly","Monthly","Monthly","Monthly","Monthly","Monthly","Monthly","Monthly","Monthly","Monthly","Monthly","Monthly","Monthly"
"is_premium_plus","is_premium_plus","is_premium_plus","is_premium_plus","is_premium_plus","is_premium_plus","is_premium_plus","is_premium_plus","is_premium_plus","is_premium_plus","is_premium_plus","is_premium_plus","is_premium_plus","is_premium_plus","is_premium_plus","is_premium_plus","is_premium_plus","is_premium_plus","is_premium_plus","is_premium_plus","is_premium_plus","is_premium_plus","is_premium_plus","is_premium_plus","is_premium_plus","is_premium_plus","is_premium_plus","is_premium_plus","is_premium_plus","is_premium_plus","is_premium_plus","is_premium_plus","is_premium_plus","is_premium_plus","is_premium_plus","is_premium_plus","is_premium_plus","is_premium_plus","is_premium_plus","is_premium_plus","is_premium_plus","is_premium_plus","is_premium_plus","is_premium_plus","is_premium_plus","is_premium_plus","is_premium_plus"
"is_platform_only","is_platform_only","is_platform_only","is_platform_only","is_platform_only","is_platform_only","is_platform_only","is_platform_only","is_platform_only","is_platform_only","is_platform_only","is_platform_only","is_platform_only","is_platform_only","is_platform_only","is_platform_only","is_platform_only","is_platform_only","is_platform_only","is_platform_only","is_platform_only","is_platform_only","is_platform_only","is_platform_only","is_platform_only","is_platform_only","is_platform_only","is_platform_only","is_platform_only","is_platform_only","is_platform_only","is_platform_only","is_platform_only","is_platform_only","is_platform_only","is_platform_only","is_platform_only","is_platform_only","is_platform_only","is_platform_only","is_platform_only","is_platform_only","is_platform_only","is_platform_only","is_platform_only","is_platform_only","is_platform_only"
"is_corona","is_corona","is_corona","is_corona","is_corona","is_corona","is_corona","is_corona","is_corona","is_corona","is_corona","is_corona","is_corona","is_corona","is_corona","is_corona","is_corona","is_corona","is_corona","is_corona","is_corona","is_corona","is_corona","is_corona","is_corona","is_corona","is_corona","is_corona","is_corona","is_corona","is_corona","is_corona","is_corona","is_corona","is_corona","is_corona","is_corona","is_corona","is_corona","is_corona","is_corona","is_corona","is_corona","is_corona","is_corona","is_corona","is_corona"
"Opted.out.of.facebook","Opted.out.of.facebook",,,,,,,,"Opted.out.of.facebook","Opted.out.of.facebook",,,"Opted.out.of.facebook","Opted.out.of.facebook","Opted.out.of.facebook","Opted.out.of.facebook","Opted.out.of.facebook","Opted.out.of.facebook","Opted.out.of.facebook","Opted.out.of.facebook","Opted.out.of.facebook","Opted.out.of.facebook","Opted.out.of.facebook","Opted.out.of.facebook","Opted.out.of.facebook","Opted.out.of.facebook","Opted.out.of.facebook","Opted.out.of.facebook","Opted.out.of.facebook","Opted.out.of.facebook","Opted.out.of.facebook","Opted.out.of.facebook","Opted.out.of.facebook","Opted.out.of.facebook","Opted.out.of.facebook","Opted.out.of.facebook","Opted.out.of.facebook","Opted.out.of.facebook","Opted.out.of.facebook","Opted.out.of.facebook","Opted.out.of.facebook","Opted.out.of.facebook","Opted.out.of.facebook",,"Opted.out.of.facebook","Opted.out.of.facebook"
"Fb.page.likes.analysis.avg.log2","Fb.page.likes.analysis.avg.log2",,,,,,,,"Fb.page.likes.analysis.avg.log2","Fb.page.likes.analysis.avg.log2",,,"Fb.page.likes.analysis.avg.log2","Fb.page.likes.analysis.avg.log2","Fb.page.likes.analysis.avg.log2","Fb.page.likes.analysis.avg.log2","Fb.page.likes.analysis.avg.log2","Fb.page.likes.analysis.avg.log2","Fb.page.likes.analysis.avg.log2","Fb.page.likes.analysis.avg.log2","Fb.page.likes.analysis.avg.log2","Fb.page.likes.analysis.avg.log2","Fb.page.likes.analysis.avg.log2","Fb.page.likes.analysis.avg.log2","Fb.page.likes.analysis.avg.log2","Fb.page.likes.analysis.avg.log2","Fb.page.likes.analysis.avg.log2","Fb.page.likes.analysis.avg.log2","Fb.page.likes.analysis.avg.log2","Fb.page.likes.analysis.avg.log2","Fb.page.likes.analysis.avg.log2","Fb.page.likes.analysis.avg.log2","Fb.page.likes.analysis.avg.log2","Fb.page.likes.analysis.avg.log2","Fb.page.likes.analysis.avg.log2","Fb.page.likes.analysis.avg.log2","Fb.page.likes.analysis.avg.log2","Fb.page.likes.analysis.avg.log2","Fb.page.likes.analysis.avg.log2","Fb.page.likes.analysis.avg.log2","Fb.page.likes.analysis.avg.log2","Fb.page.likes.analysis.avg.log2",,"Fb.page.likes.analysis.avg.log2","Fb.page.likes.analysis.avg.log2","Fb.page.likes.analysis.avg.log2"
"New.email.subscriber.signups.last.month.div10","New.email.subscriber.signups.last.month.div10","New.email.subscriber.signups.last.month.div10","New.email.subscriber.signups.last.month.div10","New.email.subscriber.signups.last.month.div10","New.email.subscriber.signups.last.month.div10","New.email.subscriber.signups.last.month.div10","New.email.subscriber.signups.last.month.div10","New.email.subscriber.signups.last.month.div10","New.email.subscriber.signups.last.month.div10","New.email.subscriber.signups.last.month.div10","New.email.subscriber.signups.last.month.div10","New.email.subscriber.signups.last.month.div10","New.email.subscriber.signups.last.month.div10","New.email.subscriber.signups.last.month.div10","New.email.subscriber.signups.last.month.div10","New.email.subscriber.signups.last.month.div10","New.email.subscriber.signups.last.month.div10","New.email.subscriber.signups.last.month.div10","New.email.subscriber.signups.last.month.div10","New.email.subscriber.signups.last.month.div10","New.email.subscriber.signups.last.month.div10","New.email.subscriber.signups.last.month.div10","New.email.subscriber.signups.last.month.div10","New.email.subscriber.signups.last.month.div10","New.email.subscriber.signups.last.month.div10","New.email.subscriber.signups.last.month.div10","New.email.subscriber.signups.last.month.div10","New.email.subscriber.signups.last.month.div10","New.email.subscriber.signups.last.month.div10","New.email.subscriber.signups.last.month.div10","New.email.subscriber.signups.last.month.div10","New.email.subscriber.signups.last.month.div10","New.email.subscriber.signups.last.month.div10","New.email.subscriber.signups.last.month.div10","New.email.subscriber.signups.last.month.div10","New.email.subscriber.signups.last.month.div10","New.email.subscriber.signups.last.month.div10","New.email.subscriber.signups.last.month.div10","New.email.subscriber.signups.last.month.div10","New.email.subscriber.signups.last.month.div10","New.email.subscriber.signups.last.month.div10","New.email.subscriber.signups.last.month.div10","New.email.subscriber.signups.last.month.div10","New.email.subscriber.signups.last.month.div10","New.email.subscriber.signups.last.month.div10",
"New.email.subscribers.allinclusive.last.month.div10","New.email.subscribers.allinclusive.last.month.div10","New.email.subscribers.allinclusive.last.month.div10","New.email.subscribers.allinclusive.last.month.div10","New.email.subscribers.allinclusive.last.month.div10","New.email.subscribers.allinclusive.last.month.div10","New.email.subscribers.allinclusive.last.month.div10","New.email.subscribers.allinclusive.last.month.div10","New.email.subscribers.allinclusive.last.month.div10","New.email.subscribers.allinclusive.last.month.div10","New.email.subscribers.allinclusive.last.month.div10","New.email.subscribers.allinclusive.last.month.div10","New.email.subscribers.allinclusive.last.month.div10","New.email.subscribers.allinclusive.last.month.div10","New.email.subscribers.allinclusive.last.month.div10","New.email.subscribers.allinclusive.last.month.div10","New.email.subscribers.allinclusive.last.month.div10","New.email.subscribers.allinclusive.last.month.div10","New.email.subscribers.allinclusive.last.month.div10","New.email.subscribers.allinclusive.last.month.div10","New.email.subscribers.allinclusive.last.month.div10","New.email.subscribers.allinclusive.last.month.div10","New.email.subscribers.allinclusive.last.month.div10","New.email.subscribers.allinclusive.last.month.div10","New.email.subscribers.allinclusive.last.month.div10","New.email.subscribers.allinclusive.last.month.div10","New.email.subscribers.allinclusive.last.month.div10","New.email.subscribers.allinclusive.last.month.div10","New.email.subscribers.allinclusive.last.month.div10","New.email.subscribers.allinclusive.last.month.div10","New.email.subscribers.allinclusive.last.month.div10","New.email.subscribers.allinclusive.last.month.div10","New.email.subscribers.allinclusive.last.month.div10","New.email.subscribers.allinclusive.last.month.div10","New.email.subscribers.allinclusive.last.month.div10","New.email.subscribers.allinclusive.last.month.div10","New.email.subscribers.allinclusive.last.month.div10","New.email.subscribers.allinclusive.last.month.div10","New.email.subscribers.allinclusive.last.month.div10","New.email.subscribers.allinclusive.last.month.div10","New.email.subscribers.allinclusive.last.month.div10","New.email.subscribers.allinclusive.last.month.div10","New.email.subscribers.allinclusive.last.month.div10","New.email.subscribers.allinclusive.last.month.div10","New.email.subscribers.allinclusive.last.month.div10",,"New.email.subscribers.allinclusive.last.month.div10"
"instagram_New","instagram_New","instagram_New","instagram_New","instagram_New","instagram_New","instagram_New","instagram_New","instagram_New","instagram_New","instagram_New","instagram_New","instagram_New","instagram_New","instagram_New","instagram_New","instagram_New","instagram_New","instagram_New","instagram_New","instagram_New","instagram_New","instagram_New","instagram_New","instagram_New","instagram_New","instagram_New","instagram_New","instagram_New","instagram_New","instagram_New","instagram_New","instagram_New","instagram_New","instagram_New","instagram_New","instagram_New","instagram_New","instagram_New","instagram_New","instagram_New","instagram_New","instagram_New","instagram_New","instagram_New","instagram_New","instagram_New"
"instagram_Old","instagram_Old","instagram_Old","instagram_Old","instagram_Old","instagram_Old","instagram_Old","instagram_Old","instagram_Old","instagram_Old","instagram_Old","instagram_Old","instagram_Old","instagram_Old","instagram_Old","instagram_Old","instagram_Old","instagram_Old","instagram_Old","instagram_Old","instagram_Old","instagram_Old","instagram_Old","instagram_Old","instagram_Old","instagram_Old","instagram_Old","instagram_Old","instagram_Old","instagram_Old","instagram_Old","instagram_Old","instagram_Old","instagram_Old","instagram_Old","instagram_Old","instagram_Old","instagram_Old","instagram_Old","instagram_Old","instagram_Old","instagram_Old","instagram_Old","instagram_Old","instagram_Old","instagram_Old","instagram_Old"
"slider_balanced","slider_balanced","slider_balanced","slider_balanced","slider_balanced","slider_balanced","slider_balanced","slider_balanced","slider_balanced","slider_balanced","slider_balanced","slider_balanced","slider_balanced","slider_balanced","slider_balanced","slider_balanced","slider_balanced","slider_balanced","slider_balanced","slider_balanced","slider_balanced","slider_balanced","slider_balanced","slider_balanced","slider_balanced","slider_balanced","slider_balanced","slider_balanced","slider_balanced","slider_balanced","slider_balanced","slider_balanced","slider_balanced","slider_balanced","slider_balanced","slider_balanced","slider_balanced","slider_balanced","slider_balanced","slider_balanced","slider_balanced","slider_balanced","slider_balanced","slider_balanced","slider_balanced","slider_balanced","slider_balanced"
"slider_increase_revenue","slider_increase_revenue","slider_increase_revenue","slider_increase_revenue","slider_increase_revenue","slider_increase_revenue","slider_increase_revenue","slider_increase_revenue","slider_increase_revenue","slider_increase_revenue","slider_increase_revenue","slider_increase_revenue","slider_increase_revenue","slider_increase_revenue","slider_increase_revenue","slider_increase_revenue","slider_increase_revenue","slider_increase_revenue","slider_increase_revenue","slider_increase_revenue","slider_increase_revenue","slider_increase_revenue","slider_increase_revenue","slider_increase_revenue","slider_increase_revenue","slider_increase_revenue","slider_increase_revenue","slider_increase_revenue","slider_increase_revenue","slider_increase_revenue","slider_increase_revenue","slider_increase_revenue","slider_increase_revenue","slider_increase_revenue","slider_increase_revenue","slider_increase_revenue","slider_increase_revenue","slider_increase_revenue","slider_increase_revenue","slider_increase_revenue","slider_increase_revenue","slider_increase_revenue","slider_increase_revenue","slider_increase_revenue","slider_increase_revenue","slider_increase_revenue","slider_increase_revenue"
"slider_save_time","slider_save_time","slider_save_time","slider_save_time","slider_save_time","slider_save_time","slider_save_time","slider_save_time","slider_save_time","slider_save_time","slider_save_time","slider_save_time","slider_save_time","slider_save_time","slider_save_time","slider_save_time","slider_save_time","slider_save_time","slider_save_time","slider_save_time","slider_save_time","slider_save_time","slider_save_time","slider_save_time","slider_save_time","slider_save_time","slider_save_time","slider_save_time","slider_save_time","slider_save_time","slider_save_time","slider_save_time","slider_save_time","slider_save_time","slider_save_time","slider_save_time","slider_save_time","slider_save_time","slider_save_time","slider_save_time","slider_save_time","slider_save_time","slider_save_time","slider_save_time","slider_save_time","slider_save_time","slider_save_time"
"payment_method_ACH","payment_method_ACH","payment_method_ACH","payment_method_ACH","payment_method_ACH","payment_method_ACH","payment_method_ACH","payment_method_ACH","payment_method_ACH","payment_method_ACH","payment_method_ACH","payment_method_ACH","payment_method_ACH","payment_method_ACH","payment_method_ACH","payment_method_ACH","payment_method_ACH","payment_method_ACH","payment_method_ACH","payment_method_ACH","payment_method_ACH","payment_method_ACH","payment_method_ACH","payment_method_ACH","payment_method_ACH","payment_method_ACH","payment_method_ACH","payment_method_ACH","payment_method_ACH","payment_method_ACH","payment_method_ACH","payment_method_ACH","payment_method_ACH","payment_method_ACH","payment_method_ACH","payment_method_ACH","payment_method_ACH","payment_method_ACH","payment_method_ACH","payment_method_ACH","payment_method_ACH","payment_method_ACH","payment_method_ACH","payment_method_ACH","payment_method_ACH","payment_method_ACH","payment_method_ACH"
"payment_method_CC","payment_method_CC","payment_method_CC","payment_method_CC","payment_method_CC","payment_method_CC","payment_method_CC","payment_method_CC","payment_method_CC","payment_method_CC","payment_method_CC","payment_method_CC","payment_method_CC","payment_method_CC","payment_method_CC","payment_method_CC","payment_method_CC","payment_method_CC","payment_method_CC","payment_method_CC","payment_method_CC","payment_method_CC","payment_method_CC","payment_method_CC","payment_method_CC","payment_method_CC","payment_method_CC","payment_method_CC","payment_method_CC","payment_method_CC","payment_method_CC","payment_method_CC","payment_method_CC","payment_method_CC","payment_method_CC","payment_method_CC","payment_method_CC","payment_method_CC","payment_method_CC","payment_method_CC","payment_method_CC","payment_method_CC","payment_method_CC","payment_method_CC","payment_method_CC","payment_method_CC","payment_method_CC"
"payment_method_CHECK","payment_method_CHECK","payment_method_CHECK","payment_method_CHECK","payment_method_CHECK","payment_method_CHECK","payment_method_CHECK","payment_method_CHECK","payment_method_CHECK","payment_method_CHECK","payment_method_CHECK","payment_method_CHECK","payment_method_CHECK","payment_method_CHECK","payment_method_CHECK","payment_method_CHECK","payment_method_CHECK","payment_method_CHECK","payment_method_CHECK","payment_method_CHECK","payment_method_CHECK","payment_method_CHECK","payment_method_CHECK","payment_method_CHECK","payment_method_CHECK","payment_method_CHECK","payment_method_CHECK","payment_method_CHECK","payment_method_CHECK","payment_method_CHECK","payment_method_CHECK","payment_method_CHECK","payment_method_CHECK","payment_method_CHECK","payment_method_CHECK","payment_method_CHECK","payment_method_CHECK","payment_method_CHECK","payment_method_CHECK","payment_method_CHECK","payment_method_CHECK","payment_method_CHECK","payment_method_CHECK","payment_method_CHECK","payment_method_CHECK","payment_method_CHECK","payment_method_CHECK"
"year_become_customer_2021.0","year_become_customer_2021.0","year_become_customer_2021.0","year_become_customer_2021.0","year_become_customer_2021.0","year_become_customer_2021.0","year_become_customer_2021.0","year_become_customer_2021.0","year_become_customer_2021.0","year_become_customer_2021.0","year_become_customer_2021.0","year_become_customer_2021.0","year_become_customer_2021.0","year_become_customer_2021.0","year_become_customer_2021.0","year_become_customer_2021.0","year_become_customer_2021.0","year_become_customer_2021.0","year_become_customer_2021.0","year_become_customer_2021.0","year_become_customer_2021.0","year_become_customer_2021.0","year_become_customer_2021.0","year_become_customer_2021.0","year_become_customer_2021.0","year_become_customer_2021.0","year_become_customer_2021.0","year_become_customer_2021.0","year_become_customer_2021.0","year_become_customer_2021.0","year_become_customer_2021.0","year_become_customer_2021.0","year_become_customer_2021.0","year_become_customer_2021.0","year_become_customer_2021.0","year_become_customer_2021.0","year_become_customer_2021.0","year_become_customer_2021.0","year_become_customer_2021.0","year_become_customer_2021.0","year_become_customer_2021.0","year_become_customer_2021.0","year_become_customer_2021.0","year_become_customer_2021.0","year_become_customer_2021.0","year_become_customer_2021.0","year_become_customer_2021.0"
"year_become_customer_2018.0","year_become_customer_2018.0","year_become_customer_2018.0","year_become_customer_2018.0","year_become_customer_2018.0","year_become_customer_2018.0","year_become_customer_2018.0","year_become_customer_2018.0","year_become_customer_2018.0","year_become_customer_2018.0","year_become_customer_2018.0","year_become_customer_2018.0","year_become_customer_2018.0","year_become_customer_2018.0","year_become_customer_2018.0","year_become_customer_2018.0","year_become_customer_2018.0","year_become_customer_2018.0","year_become_customer_2018.0","year_become_customer_2018.0","year_become_customer_2018.0","year_become_customer_2018.0","year_become_customer_2018.0","year_become_customer_2018.0","year_become_customer_2018.0","year_become_customer_2018.0","year_become_customer_2018.0","year_become_customer_2018.0","year_become_customer_2018.0","year_become_customer_2018.0","year_become_customer_2018.0","year_become_customer_2018.0","year_become_customer_2018.0","year_become_customer_2018.0","year_become_customer_2018.0","year_become_customer_2018.0","year_become_customer_2018.0","year_become_customer_2018.0","year_become_customer_2018.0","year_become_customer_2018.0","year_become_customer_2018.0","year_become_customer_2018.0","year_become_customer_2018.0","year_become_customer_2018.0","year_become_customer_2018.0","year_become_customer_2018.0","year_become_customer_2018.0"
"year_become_customer_2020.0","year_become_customer_2020.0","year_become_customer_2020.0","year_become_customer_2020.0","year_become_customer_2020.0","year_become_customer_2020.0","year_become_customer_2020.0","year_become_customer_2020.0","year_become_customer_2020.0","year_become_customer_2020.0","year_become_customer_2020.0","year_become_customer_2020.0","year_become_customer_2020.0","year_become_customer_2020.0","year_become_customer_2020.0","year_become_customer_2020.0","year_become_customer_2020.0","year_become_customer_2020.0","year_become_customer_2020.0","year_become_customer_2020.0","year_become_customer_2020.0","year_become_customer_2020.0","year_become_customer_2020.0","year_become_customer_2020.0","year_become_customer_2020.0","year_become_customer_2020.0","year_become_customer_2020.0","year_become_customer_2020.0","year_become_customer_2020.0","year_become_customer_2020.0","year_become_customer_2020.0","year_become_customer_2020.0","year_become_customer_2020.0","year_become_customer_2020.0","year_become_customer_2020.0","year_become_customer_2020.0","year_become_customer_2020.0","year_become_customer_2020.0","year_become_customer_2020.0","year_become_customer_2020.0","year_become_customer_2020.0","year_become_customer_2020.0","year_become_customer_2020.0","year_become_customer_2020.0","year_become_customer_2020.0","year_become_customer_2020.0","year_become_customer_2020.0"
"year_become_customer_2019.0","year_become_customer_2019.0","year_become_customer_2019.0","year_become_customer_2019.0","year_become_customer_2019.0","year_become_customer_2019.0","year_become_customer_2019.0","year_become_customer_2019.0","year_become_customer_2019.0","year_become_customer_2019.0","year_become_customer_2019.0","year_become_customer_2019.0","year_become_customer_2019.0","year_become_customer_2019.0","year_become_customer_2019.0","year_become_customer_2019.0","year_become_customer_2019.0","year_become_customer_2019.0","year_become_customer_2019.0","year_become_customer_2019.0","year_become_customer_2019.0","year_become_customer_2019.0","year_become_customer_2019.0","year_become_customer_2019.0","year_become_customer_2019.0","year_become_customer_2019.0","year_become_customer_2019.0","year_become_customer_2019.0","year_become_customer_2019.0","year_become_customer_2019.0","year_become_customer_2019.0","year_become_customer_2019.0","year_become_customer_2019.0","year_become_customer_2019.0","year_become_customer_2019.0","year_become_customer_2019.0","year_become_customer_2019.0","year_become_customer_2019.0","year_become_customer_2019.0","year_become_customer_2019.0","year_become_customer_2019.0","year_become_customer_2019.0","year_become_customer_2019.0","year_become_customer_2019.0","year_become_customer_2019.0","year_become_customer_2019.0","year_become_customer_2019.0"
"year_become_customer_2022.0","year_become_customer_2022.0","year_become_customer_2022.0","year_become_customer_2022.0","year_become_customer_2022.0","year_become_customer_2022.0","year_become_customer_2022.0","year_become_customer_2022.0","year_become_customer_2022.0","year_become_customer_2022.0","year_become_customer_2022.0","year_become_customer_2022.0","year_become_customer_2022.0","year_become_customer_2022.0","year_become_customer_2022.0","year_become_customer_2022.0","year_become_customer_2022.0","year_become_customer_2022.0","year_become_customer_2022.0","year_become_customer_2022.0","year_become_customer_2022.0","year_become_customer_2022.0","year_become_customer_2022.0","year_become_customer_2022.0","year_become_customer_2022.0","year_become_customer_2022.0","year_become_customer_2022.0","year_become_customer_2022.0","year_become_customer_2022.0","year_become_customer_2022.0","year_become_customer_2022.0","year_become_customer_2022.0","year_become_customer_2022.0","year_become_customer_2022.0","year_become_customer_2022.0","year_become_customer_2022.0","year_become_customer_2022.0","year_become_customer_2022.0","year_become_customer_2022.0","year_become_customer_2022.0","year_become_customer_2022.0","year_become_customer_2022.0","year_become_customer_2022.0","year_become_customer_2022.0","year_become_customer_2022.0","year_become_customer_2022.0","year_become_customer_2022.0"
"year_become_customer_2017.0","year_become_customer_2017.0","year_become_customer_2017.0","year_become_customer_2017.0","year_become_customer_2017.0","year_become_customer_2017.0","year_become_customer_2017.0","year_become_customer_2017.0","year_become_customer_2017.0","year_become_customer_2017.0","year_become_customer_2017.0","year_become_customer_2017.0","year_become_customer_2017.0","year_become_customer_2017.0","year_become_customer_2017.0","year_become_customer_2017.0","year_become_customer_2017.0","year_become_customer_2017.0","year_become_customer_2017.0","year_become_customer_2017.0","year_become_customer_2017.0","year_become_customer_2017.0","year_become_customer_2017.0","year_become_customer_2017.0","year_become_customer_2017.0","year_become_customer_2017.0","year_become_customer_2017.0","year_become_customer_2017.0","year_become_customer_2017.0","year_become_customer_2017.0","year_become_customer_2017.0","year_become_customer_2017.0","year_become_customer_2017.0","year_become_customer_2017.0","year_become_customer_2017.0","year_become_customer_2017.0","year_become_customer_2017.0","year_become_customer_2017.0","year_become_customer_2017.0","year_become_customer_2017.0","year_become_customer_2017.0","year_become_customer_2017.0","year_become_customer_2017.0","year_become_customer_2017.0","year_become_customer_2017.0","year_become_customer_2017.0","year_become_customer_2017.0"
